Year,Culture,Antibiotic Class,n Resistant,Year Total,% Resistant
2020,Escherichia coli,Aminoglycosides,15,58,25.9%
2020,Escherichia coli,Cephalosporins,27,172,15.7%
2020,Escherichia coli,Fluoroquinolones,15,60,25%
2020,Escherichia coli,Penicillins,63,107,58.9%
2020,Escherichia coli,Peptidyl transferases,8,47,17%
2020,Escherichia coli,Sulfonamides,49,58,84.5%
2020,Escherichia coli,Tetracycline,47,60,78.3%
2021,Escherichia coli,Aminoglycosides,10,46,21.7%
2021,Escherichia coli,Cephalosporins,29,144,20.1%
2021,Escherichia coli,Fluoroquinolones,17,48,35.4%
2021,Escherichia coli,Nitrofurans,2,24,8.3%
2021,Escherichia coli,Penicillins,55,98,56.1%
2021,Escherichia coli,Peptidyl transferases,8,34,23.5%
2021,Escherichia coli,Sulfonamides,39,45,86.7%
2021,Escherichia coli,Tetracycline,41,49,83.7%
2022,Escherichia coli,Aminoglycosides,9,55,16.4%
2022,Escherichia coli,Cephalosporins,28,179,15.6%
2022,Escherichia coli,Fluoroquinolones,16,54,29.6%
2022,Escherichia coli,Nitrofurans,4,33,12.1%
2022,Escherichia coli,Penicillins,65,118,55.1%
2022,Escherichia coli,Peptidyl transferases,2,23,8.7%
2022,Escherichia coli,Sulfonamides,46,57,80.7%
2022,Escherichia coli,Tetracycline,37,56,66.1%
2023,Escherichia coli,Aminoglycosides,16,52,30.8%
2023,Escherichia coli,Carbapenems,2,77,2.6%
2023,Escherichia coli,Cephalosporins,43,155,27.7%
2023,Escherichia coli,Fluoroquinolones,18,47,38.3%
2023,Escherichia coli,Nitrofurans,4,37,10.8%
2023,Escherichia coli,Penicillins,61,102,59.8%
2023,Escherichia coli,Peptidyl transferases,4,17,23.5%
2023,Escherichia coli,Sulfonamides,45,52,86.5%
2023,Escherichia coli,Tetracycline,32,46,69.6%
2024,Escherichia coli,Aminoglycosides,13,48,27.1%
2024,Escherichia coli,Carbapenems,8,55,14.5%
2024,Escherichia coli,Cephalosporins,54,145,37.2%
2024,Escherichia coli,Fluoroquinolones,19,49,38.8%
2024,Escherichia coli,Nitrofurans,3,22,13.6%
2024,Escherichia coli,Penicillins,59,93,63.4%
2024,Escherichia coli,Peptidyl transferases,5,20,25%
2024,Escherichia coli,Sulfonamides,37,47,78.7%
2024,Escherichia coli,Tetracycline,36,47,76.6%
2025,Escherichia coli,Aminoglycosides,13,31,41.9%
2025,Escherichia coli,Carbapenems,5,59,8.5%
2025,Escherichia coli,Cephalosporins,36,99,36.4%
2025,Escherichia coli,Fluoroquinolones,16,32,50%
2025,Escherichia coli,Nitrofurans,3,22,13.6%
2025,Escherichia coli,Penicillins,52,64,81.2%
2025,Escherichia coli,Peptidyl transferases,1,10,10%
2025,Escherichia coli,Sulfonamides,22,32,68.8%
2025,Escherichia coli,Tetracycline,24,30,80%
2020,Klebsiella pneumoniae,Aminoglycosides,7,21,33.3%
2020,Klebsiella pneumoniae,Cephalosporins,23,71,32.4%
2020,Klebsiella pneumoniae,Fluoroquinolones,10,22,45.5%
2020,Klebsiella pneumoniae,Nitrofurans,1,5,20%
2020,Klebsiella pneumoniae,Penicillins,32,44,72.7%
2020,Klebsiella pneumoniae,Peptidyl transferases,6,23,26.1%
2020,Klebsiella pneumoniae,Sulfonamides,16,23,69.6%
2020,Klebsiella pneumoniae,Tetracycline,15,24,62.5%
2021,Klebsiella pneumoniae,Aminoglycosides,6,26,23.1%
2021,Klebsiella pneumoniae,Cephalosporins,20,71,28.2%
2021,Klebsiella pneumoniae,Fluoroquinolones,8,26,30.8%
2021,Klebsiella pneumoniae,Nitrofurans,3,8,37.5%
2021,Klebsiella pneumoniae,Penicillins,33,50,66%
2021,Klebsiella pneumoniae,Peptidyl transferases,2,16,12.5%
2021,Klebsiella pneumoniae,Sulfonamides,14,25,56%
2021,Klebsiella pneumoniae,Tetracycline,10,25,40%
2022,Klebsiella pneumoniae,Aminoglycosides,4,21,19%
2022,Klebsiella pneumoniae,Cephalosporins,12,67,17.9%
2022,Klebsiella pneumoniae,Fluoroquinolones,5,19,26.3%
2022,Klebsiella pneumoniae,Nitrofurans,5,11,45.5%
2022,Klebsiella pneumoniae,Penicillins,26,45,57.8%
2022,Klebsiella pneumoniae,Peptidyl transferases,3,9,33.3%
2022,Klebsiella pneumoniae,Sulfonamides,9,22,40.9%
2022,Klebsiella pneumoniae,Tetracycline,5,22,22.7%
2023,Klebsiella pneumoniae,Aminoglycosides,10,24,41.7%
2023,Klebsiella pneumoniae,Cephalosporins,14,83,16.9%
2023,Klebsiella pneumoniae,Fluoroquinolones,10,27,37%
2023,Klebsiella pneumoniae,Nitrofurans,8,13,61.5%
2023,Klebsiella pneumoniae,Penicillins,29,52,55.8%
2023,Klebsiella pneumoniae,Peptidyl transferases,3,16,18.8%
2023,Klebsiella pneumoniae,Sulfonamides,15,27,55.6%
2023,Klebsiella pneumoniae,Tetracycline,8,24,33.3%
2024,Klebsiella pneumoniae,Aminoglycosides,4,35,11.4%
2024,Klebsiella pneumoniae,Cephalosporins,18,117,15.4%
2024,Klebsiella pneumoniae,Fluoroquinolones,5,38,13.2%
2024,Klebsiella pneumoniae,Nitrofurans,4,6,66.7%
2024,Klebsiella pneumoniae,Penicillins,35,72,48.6%
2024,Klebsiella pneumoniae,Peptidyl transferases,5,30,16.7%
2024,Klebsiella pneumoniae,Sulfonamides,13,34,38.2%
2024,Klebsiella pneumoniae,Tetracycline,8,37,21.6%
2025,Klebsiella pneumoniae,Aminoglycosides,12,33,36.4%
2025,Klebsiella pneumoniae,Cephalosporins,33,106,31.1%
2025,Klebsiella pneumoniae,Fluoroquinolones,15,35,42.9%
2025,Klebsiella pneumoniae,Nitrofurans,8,14,57.1%
2025,Klebsiella pneumoniae,Penicillins,52,72,72.2%
2025,Klebsiella pneumoniae,Peptidyl transferases,5,22,22.7%
2025,Klebsiella pneumoniae,Sulfonamides,19,34,55.9%
2025,Klebsiella pneumoniae,Tetracycline,17,34,50%
2020,Pseudomonas aeruginosa,Aminoglycosides,2,11,18.2%
2020,Pseudomonas aeruginosa,Fluoroquinolones,1,10,10%
2021,Pseudomonas aeruginosa,Aminoglycosides,1,12,8.3%
2021,Pseudomonas aeruginosa,Cephalosporins,2,15,13.3%
2021,Pseudomonas aeruginosa,Fluoroquinolones,1,13,7.7%
2022,Pseudomonas aeruginosa,Aminoglycosides,2,22,9.1%
2022,Pseudomonas aeruginosa,Cephalosporins,4,27,14.8%
2022,Pseudomonas aeruginosa,Fluoroquinolones,1,23,4.3%
2022,Pseudomonas aeruginosa,Sulfonamides,1,1,100%
2022,Pseudomonas aeruginosa,Tetracycline,1,2,50%
2023,Pseudomonas aeruginosa,Aminoglycosides,3,22,13.6%
2023,Pseudomonas aeruginosa,Cephalosporins,1,22,4.5%
2023,Pseudomonas aeruginosa,Fluoroquinolones,3,21,14.3%
2023,Pseudomonas aeruginosa,Peptidyl transferases,1,1,100%
2024,Pseudomonas aeruginosa,Aminoglycosides,7,16,43.8%
2024,Pseudomonas aeruginosa,Carbapenems,1,10,10%
2024,Pseudomonas aeruginosa,Cephalosporins,1,16,6.2%
2024,Pseudomonas aeruginosa,Polymixins,3,11,27.3%
2025,Pseudomonas aeruginosa,Aminoglycosides,2,15,13.3%
2025,Pseudomonas aeruginosa,Carbapenems,1,9,11.1%
2025,Pseudomonas aeruginosa,Cephalosporins,2,18,11.1%
2025,Pseudomonas aeruginosa,Fluoroquinolones,2,17,11.8%
2025,Pseudomonas aeruginosa,Penicillins,1,1,100%
2025,Pseudomonas aeruginosa,Polymixins,4,11,36.4%
2020,Staphylococcus aureus,Aminoglycosides,1,74,1.4%
2020,Staphylococcus aureus,Cephalosporins,3,79,3.8%
2020,Staphylococcus aureus,Fluoroquinolones,2,76,2.6%
2020,Staphylococcus aureus,Macrolides,7,73,9.6%
2020,Staphylococcus aureus,Penicillins,45,116,38.8%
2020,Staphylococcus aureus,Peptidyl transferases,1,78,1.3%
2020,Staphylococcus aureus,Sulfonamides,18,67,26.9%
2020,Staphylococcus aureus,Tetracycline,16,73,21.9%
2021,Staphylococcus aureus,Aminoglycosides,2,49,4.1%
2021,Staphylococcus aureus,Cephalosporins,8,53,15.1%
2021,Staphylococcus aureus,Fluoroquinolones,4,48,8.3%
2021,Staphylococcus aureus,Macrolides,12,52,23.1%
2021,Staphylococcus aureus,Penicillins,49,65,75.4%
2021,Staphylococcus aureus,Peptidyl transferases,1,49,2%
2021,Staphylococcus aureus,Polymixins,1,2,50%
2021,Staphylococcus aureus,Sulfonamides,20,51,39.2%
2021,Staphylococcus aureus,Tetracycline,15,49,30.6%
2022,Staphylococcus aureus,Aminoglycosides,3,43,7%
2022,Staphylococcus aureus,Cephalosporins,4,45,8.9%
2022,Staphylococcus aureus,Fluoroquinolones,3,43,7%
2022,Staphylococcus aureus,Glycopeptides,1,7,14.3%
2022,Staphylococcus aureus,Macrolides,10,44,22.7%
2022,Staphylococcus aureus,Penicillins,39,61,63.9%
2022,Staphylococcus aureus,Peptidyl transferases,3,41,7.3%
2022,Staphylococcus aureus,Sulfonamides,8,45,17.8%
2022,Staphylococcus aureus,Tetracycline,10,44,22.7%
2023,Staphylococcus aureus,Aminoglycosides,5,36,13.9%
2023,Staphylococcus aureus,Cephalosporins,4,37,10.8%
2023,Staphylococcus aureus,Fluoroquinolones,6,36,16.7%
2023,Staphylococcus aureus,Macrolides,8,37,21.6%
2023,Staphylococcus aureus,Nitrofurans,1,1,100%
2023,Staphylococcus aureus,Penicillins,32,45,71.1%
2023,Staphylococcus aureus,Peptidyl transferases,2,35,5.7%
2023,Staphylococcus aureus,Sulfonamides,14,37,37.8%
2023,Staphylococcus aureus,Tetracycline,9,36,25%
2024,Staphylococcus aureus,Aminoglycosides,6,28,21.4%
2024,Staphylococcus aureus,Carbapenems,1,14,7.1%
2024,Staphylococcus aureus,Cephalosporins,4,31,12.9%
2024,Staphylococcus aureus,Fluoroquinolones,4,29,13.8%
2024,Staphylococcus aureus,Macrolides,7,27,25.9%
2024,Staphylococcus aureus,Penicillins,28,38,73.7%
2024,Staphylococcus aureus,Peptidyl transferases,1,24,4.2%
2024,Staphylococcus aureus,Polymixins,2,2,100%
2024,Staphylococcus aureus,Sulfonamides,10,26,38.5%
2024,Staphylococcus aureus,Tetracycline,7,28,25%
2025,Staphylococcus aureus,Aminoglycosides,6,41,14.6%
2025,Staphylococcus aureus,Carbapenems,1,21,4.8%
2025,Staphylococcus aureus,Cephalosporins,8,42,19%
2025,Staphylococcus aureus,Fluoroquinolones,8,41,19.5%
2025,Staphylococcus aureus,Glycopeptides,9,22,40.9%
2025,Staphylococcus aureus,Macrolides,10,34,29.4%
2025,Staphylococcus aureus,Nitrofurans,1,1,100%
2025,Staphylococcus aureus,Penicillins,37,43,86%
2025,Staphylococcus aureus,Peptidyl transferases,3,37,8.1%
2025,Staphylococcus aureus,Sulfonamides,15,41,36.6%
2025,Staphylococcus aureus,Tetracycline,13,41,31.7%
