Isolated Culture,n of MDR Isolates,% of MDR Isolates,Total n of Isolates
Escherichia coli,223,72.2,309
Staphylococcus aureus,72,25.3,285
Klebsiella pneumoniae,88,50.6,174
Pseudomonas aeruginosa,3,2.9,102
Coliform spp.,48,59.3,81
Group A Streptococcus,5,8.3,60
Salmonella spp.,1,2.6,38
Streptococcus pneumoniae,12,34.3,35
Pseudomonas spp.,4,13.8,29
Proteus mirabilis,12,44.4,27
Streptococcus spp.,3,11.5,26
Proteus spp.,9,39.1,23
Acinetobacter baumannii,15,68.2,22
Enterobacter cloacae,19,86.4,22
Group B Streptococcus,1,4.5,22
Haemophilus influenzae,0,0,18
Enterococcus spp.,7,41.2,17
Klebsiella oxytoca,6,60,10
Klebsiella spp.,7,70,10
Raoultella ornithinolytica,8,80,10
Group C/G Streptococcus,0,0,8
Enterococcus faecalis,4,57.1,7
Morganella morganii,7,100,7
Proteus vulgaris,3,42.9,7
Stenotrophomonas maltophilia,4,57.1,7
Klebsiella aerogenes,5,83.3,6
Acinetobacter nosocomialis,3,60,5
Citrobacter freundii,2,40,5
Enterobacter spp.,3,60,5
Pantoea spp.,2,50,4
Pseudomonas oryzihabitans,4,100,4
Streptococcus anginosus group,1,25,4
Vibrio fluvialis,2,50,4
Hafnia alvei,2,66.7,3
Pseudomonas luteola,2,66.7,3
Shigella spp.,0,0,3
Acinetobacter johnsonii,2,100,2
Acinetobacter spp.,2,100,2
Aeromonas salmonicida,0,0,2
Burkholderia cepacia,0,0,2
Haemophilus spp.,0,0,2
Neisseria spp.,0,0,2
Providencia stuartii,2,100,2
Salmonella enterica,1,50,2
Salmonella enterica subsp. enterica,1,50,2
Serratia fonticola,1,50,2
Serratia marcescens,0,0,2
Staphylococcus saprophyticus,2,100,2
Acinetobacter haemolyticus,1,100,1
Acinetobacter junii,1,100,1
Acinetobacter junii/johnsonii,1,100,1
Acinetobacter lwoffii,0,0,1
Acinetobacter pittii,0,0,1
Aeromonas hydrophila,0,0,1
Alcaligenes faecalis,1,100,1
Burkholderia cepacia complex,1,100,1
Burkholderia gladioli,0,0,1
Burkholderia pseudomallei,0,0,1
Chromobacterium violaceum,0,0,1
Citrobacter koseri,0,0,1
Citrobacter spp.,0,0,1
Citrobacter youngae,0,0,1
Dermabacter hominis,1,100,1
Enterobacter hormaechei,1,100,1
Enterobacter kobei,1,100,1
Enterococcus gallinarum,1,100,1
Escherichia fergusonii,1,100,1
Kluyvera spp.,1,100,1
Moraxella catarrhalis,0,0,1
Moraxella osloensis,1,100,1
Neisseria gonorrhoeae,0,0,1
Providencia rettgeri,1,100,1
Pseudomonas putida,0,0,1
Salmonella Enteritidis,0,0,1
Salmonella Typhi,0,0,1
Serratia ficaria,1,100,1
Serratia liquefaciens,1,100,1
Serratia odorifera,1,100,1
Shewanella putrefaciens,0,0,1
Shigella sonnei,0,0,1
Streptococcus gallolyticus,0,0,1
Vibrio parahaemolyticus,0,0,1
