Year,Isolated Culture,n of MDR Isolates,% of MDR Isolates,Yearly Total n of Isolates
2020,Acinetobacter baumannii,4,100,4
2021,Acinetobacter baumannii,2,50,4
2022,Acinetobacter baumannii,4,80,5
2023,Acinetobacter baumannii,1,33.3,3
2024,Acinetobacter baumannii,2,50,4
2025,Acinetobacter baumannii,2,100,2
2023,Acinetobacter haemolyticus,1,100,1
2022,Acinetobacter johnsonii,1,100,1
2025,Acinetobacter johnsonii,1,100,1
2022,Acinetobacter junii,1,100,1
2025,Acinetobacter junii/johnsonii,1,100,1
2025,Acinetobacter lwoffii,0,0,1
2022,Acinetobacter nosocomialis,1,100,1
2023,Acinetobacter nosocomialis,2,50,4
2022,Acinetobacter pittii,0,0,1
2020,Acinetobacter spp.,1,100,1
2024,Acinetobacter spp.,1,100,1
2021,Aeromonas hydrophila,0,0,1
2023,Aeromonas salmonicida,0,0,2
2025,Alcaligenes faecalis,1,100,1
2021,Burkholderia cepacia,0,0,2
2020,Burkholderia cepacia complex,1,100,1
2023,Burkholderia gladioli,0,0,1
2023,Burkholderia pseudomallei,0,0,1
2023,Chromobacterium violaceum,0,0,1
2021,Citrobacter freundii,1,100,1
2022,Citrobacter freundii,0,0,1
2023,Citrobacter freundii,0,0,1
2024,Citrobacter freundii,0,0,1
2025,Citrobacter freundii,1,100,1
2023,Citrobacter koseri,0,0,1
2020,Citrobacter spp.,0,0,1
2023,Citrobacter youngae,0,0,1
2020,Coliform spp.,11,55,20
2021,Coliform spp.,2,50,4
2025,Coliform spp.,35,61.4,57
2022,Dermabacter hominis,1,100,1
2020,Enterobacter cloacae,1,100,1
2021,Enterobacter cloacae,4,100,4
2022,Enterobacter cloacae,4,100,4
2023,Enterobacter cloacae,2,66.7,3
2024,Enterobacter cloacae,5,71.4,7
2025,Enterobacter cloacae,3,100,3
2022,Enterobacter hormaechei,1,100,1
2020,Enterobacter kobei,1,100,1
2020,Enterobacter spp.,1,50,2
2021,Enterobacter spp.,1,50,2
2023,Enterobacter spp.,1,100,1
2022,Enterococcus faecalis,2,40,5
2023,Enterococcus faecalis,2,100,2
2022,Enterococcus gallinarum,1,100,1
2020,Enterococcus spp.,2,40,5
2021,Enterococcus spp.,3,37.5,8
2022,Enterococcus spp.,0,0,1
2023,Enterococcus spp.,1,100,1
2025,Enterococcus spp.,1,100,1
2020,Escherichia coli,45,69.2,65
2021,Escherichia coli,37,72.5,51
2022,Escherichia coli,38,65.5,58
2023,Escherichia coli,39,73.6,53
2024,Escherichia coli,37,75.5,49
2025,Escherichia coli,27,81.8,33
2020,Escherichia fergusonii,1,100,1
2020,Group A Streptococcus,2,6.9,29
2021,Group A Streptococcus,0,0,12
2022,Group A Streptococcus,2,18.2,11
2023,Group A Streptococcus,0,0,3
2024,Group A Streptococcus,1,50,2
2025,Group A Streptococcus,0,0,3
2020,Group B Streptococcus,0,0,7
2021,Group B Streptococcus,1,14.3,7
2022,Group B Streptococcus,0,0,3
2023,Group B Streptococcus,0,0,1
2024,Group B Streptococcus,0,0,3
2025,Group B Streptococcus,0,0,1
2020,Group C/G Streptococcus,0,0,1
2021,Group C/G Streptococcus,0,0,3
2022,Group C/G Streptococcus,0,0,2
2023,Group C/G Streptococcus,0,0,1
2025,Group C/G Streptococcus,0,0,1
2020,Haemophilus influenzae,0,0,3
2021,Haemophilus influenzae,0,0,4
2022,Haemophilus influenzae,0,0,4
2023,Haemophilus influenzae,0,0,5
2024,Haemophilus influenzae,0,0,2
2020,Haemophilus spp.,0,0,2
2020,Hafnia alvei,2,66.7,3
2020,Klebsiella aerogenes,2,100,2
2022,Klebsiella aerogenes,1,100,1
2023,Klebsiella aerogenes,0,0,1
2024,Klebsiella aerogenes,1,100,1
2025,Klebsiella aerogenes,1,100,1
2020,Klebsiella oxytoca,1,100,1
2021,Klebsiella oxytoca,1,100,1
2022,Klebsiella oxytoca,0,0,1
2023,Klebsiella oxytoca,2,66.7,3
2024,Klebsiella oxytoca,2,50,4
2020,Klebsiella pneumoniae,16,64,25
2021,Klebsiella pneumoniae,12,46.2,26
2022,Klebsiella pneumoniae,10,45.5,22
2023,Klebsiella pneumoniae,16,57.1,28
2024,Klebsiella pneumoniae,12,31.6,38
2025,Klebsiella pneumoniae,22,62.9,35
2020,Klebsiella spp.,5,62.5,8
2021,Klebsiella spp.,1,100,1
2023,Klebsiella spp.,1,100,1
2025,Kluyvera spp.,1,100,1
2020,Moraxella catarrhalis,0,0,1
2022,Moraxella osloensis,1,100,1
2020,Morganella morganii,3,100,3
2021,Morganella morganii,2,100,2
2023,Morganella morganii,2,100,2
2020,Neisseria gonorrhoeae,0,0,1
2020,Neisseria spp.,0,0,2
2024,Pantoea spp.,2,50,4
2020,Proteus mirabilis,1,100,1
2021,Proteus mirabilis,3,75,4
2022,Proteus mirabilis,4,40,10
2023,Proteus mirabilis,0,0,5
2024,Proteus mirabilis,3,75,4
2025,Proteus mirabilis,1,33.3,3
2020,Proteus spp.,2,25,8
2021,Proteus spp.,2,50,4
2022,Proteus spp.,0,0,1
2023,Proteus spp.,4,66.7,6
2025,Proteus spp.,1,25,4
2020,Proteus vulgaris,1,50,2
2022,Proteus vulgaris,0,0,1
2024,Proteus vulgaris,1,50,2
2025,Proteus vulgaris,1,50,2
2025,Providencia rettgeri,1,100,1
2023,Providencia stuartii,2,100,2
2020,Pseudomonas aeruginosa,0,0,11
2021,Pseudomonas aeruginosa,1,7.7,13
2022,Pseudomonas aeruginosa,0,0,23
2023,Pseudomonas aeruginosa,0,0,22
2024,Pseudomonas aeruginosa,0,0,16
2025,Pseudomonas aeruginosa,2,11.8,17
2022,Pseudomonas luteola,0,0,1
2023,Pseudomonas luteola,2,100,2
2024,Pseudomonas oryzihabitans,3,100,3
2025,Pseudomonas oryzihabitans,1,100,1
2020,Pseudomonas putida,0,0,1
2020,Pseudomonas spp.,0,0,11
2021,Pseudomonas spp.,1,25,4
2022,Pseudomonas spp.,0,0,2
2023,Pseudomonas spp.,0,0,6
2024,Pseudomonas spp.,2,50,4
2025,Pseudomonas spp.,1,50,2
2020,Raoultella ornithinolytica,2,100,2
2022,Raoultella ornithinolytica,0,0,1
2024,Raoultella ornithinolytica,6,85.7,7
2024,Salmonella Enteritidis,0,0,1
2025,Salmonella Typhi,0,0,1
2021,Salmonella enterica,0,0,1
2024,Salmonella enterica,1,100,1
2022,Salmonella enterica subsp. enterica,1,50,2
2020,Salmonella spp.,0,0,8
2021,Salmonella spp.,1,12.5,8
2022,Salmonella spp.,0,0,4
2023,Salmonella spp.,0,0,6
2024,Salmonella spp.,0,0,8
2025,Salmonella spp.,0,0,4
2023,Serratia ficaria,1,100,1
2023,Serratia fonticola,1,50,2
2021,Serratia liquefaciens,1,100,1
2020,Serratia marcescens,0,0,1
2023,Serratia marcescens,0,0,1
2025,Serratia odorifera,1,100,1
2020,Shewanella putrefaciens,0,0,1
2025,Shigella sonnei,0,0,1
2020,Shigella spp.,0,0,1
2021,Shigella spp.,0,0,1
2022,Shigella spp.,0,0,1
2020,Staphylococcus aureus,7,8.9,79
2021,Staphylococcus aureus,16,30.8,52
2022,Staphylococcus aureus,7,15.6,45
2023,Staphylococcus aureus,11,28.9,38
2024,Staphylococcus aureus,9,31,29
2025,Staphylococcus aureus,22,52.4,42
2021,Staphylococcus saprophyticus,1,100,1
2024,Staphylococcus saprophyticus,1,100,1
2020,Stenotrophomonas maltophilia,1,50,2
2021,Stenotrophomonas maltophilia,0,0,1
2023,Stenotrophomonas maltophilia,2,100,2
2024,Stenotrophomonas maltophilia,1,50,2
2021,Streptococcus anginosus group,1,100,1
2023,Streptococcus anginosus group,0,0,1
2024,Streptococcus anginosus group,0,0,1
2022,Streptococcus gallolyticus,0,0,1
2020,Streptococcus pneumoniae,3,37.5,8
2021,Streptococcus pneumoniae,2,40,5
2022,Streptococcus pneumoniae,2,20,10
2023,Streptococcus pneumoniae,5,83.3,6
2024,Streptococcus pneumoniae,0,0,6
2020,Streptococcus spp.,2,25,8
2021,Streptococcus spp.,1,20,5
2022,Streptococcus spp.,0,0,6
2023,Streptococcus spp.,0,0,3
2025,Streptococcus spp.,0,0,4
2023,Vibrio fluvialis,1,33.3,3
2024,Vibrio fluvialis,1,100,1
2025,Vibrio parahaemolyticus,0,0,1
